{
    "testproblem": "fmnist_2c2d",
    "batch_size": 128,
    "num_epochs": 2,
    "random_seed": 42,
    "l2_reg": null,
    "optimizer_name": "SGD",
    "optimizer_hyperparams": {
        "lr": 0.001,
        "momentum": 0.99,
        "nesterov": false
    },
    "training_params": {},
    "train_losses": [
        2.343802748582302,
        0.4522439424808209,
        0.36315932411413926
    ],
    "valid_losses": [
        2.3469197780658035,
        0.44205900109731233,
        0.3624958267960793
    ],
    "test_losses": [
        2.3467648915755444,
        0.46390642798863924,
        0.3844091426103543
    ],
    "minibatch_train_losses": [
        2.347477674484253,
        2.200958490371704,
        2.059852123260498,
        1.7235718965530396,
        1.2919976711273193,
        1.0537468194961548,
        1.0130161046981812,
        1.1551157236099243,
        1.0352261066436768,
        0.8737651109695435,
        0.8968473076820374,
        1.2178771495819092,
        0.814507782459259,
        0.7950111031532288,
        0.7679267525672913,
        0.7391483187675476,
        0.575553297996521,
        0.6313503384590149,
        0.7801579236984253,
        0.6144953370094299,
        0.5780680775642395,
        0.5452567338943481,
        0.48516687750816345,
        0.6097047924995422,
        0.4564771354198456,
        0.6465952396392822,
        0.6702505946159363,
        0.6137010455131531,
        0.5453249216079712,
        0.39472946524620056,
        0.5232912302017212,
        0.6871527433395386,
        0.43863344192504883,
        0.5491563081741333,
        0.5942581295967102,
        0.38555440306663513,
        0.45504286885261536,
        0.5760681629180908,
        0.4351462721824646,
        0.5055878758430481,
        0.35405996441841125,
        0.3852047026157379,
        0.4362219274044037,
        0.34090590476989746,
        0.4060894548892975,
        0.529914140701294,
        0.3046858608722687,
        0.40784674882888794,
        0.5017340779304504,
        0.5435920357704163,
        0.46244576573371887,
        0.3619326651096344,
        0.4773162305355072,
        0.4012368619441986,
        0.43437129259109497,
        0.5586381554603577,
        0.3002021610736847,
        0.29489460587501526,
        0.5449556708335876,
        0.3581660985946655,
        0.41102027893066406,
        0.44928231835365295,
        0.2778798043727875,
        0.3683885335922241,
        0.4459536075592041,
        0.3623161315917969,
        0.2369689792394638,
        0.42185014486312866,
        0.3017009496688843,
        0.3663434386253357,
        0.3243975043296814,
        0.24244192242622375,
        0.3745940923690796,
        0.4406404197216034,
        0.38605359196662903,
        0.35801199078559875,
        0.37486085295677185,
        0.2513737678527832
    ],
    "train_accuracies": [
        0.09575320512820513,
        0.8342347756410257,
        0.8713942307692307
    ],
    "valid_accuracies": [
        0.09364983974358974,
        0.8388421474358975,
        0.8682892628205128
    ],
    "test_accuracies": [
        0.09805689102564102,
        0.8306290064102564,
        0.8605769230769231
    ]
}